-- MySQL dump 10.13  Distrib 8.0.33, for Win64 (x86_64)
--
-- Host: localhost    Database: showtime
-- ------------------------------------------------------
-- Server version	8.0.33



--
-- create a database
--

CREATE DATABASE `showtime`;


--
-- Table structure for table `city`
--

DROP TABLE IF EXISTS `city`;

CREATE TABLE `city` (
  `city_id` int NOT NULL,
  `name` varchar(45) NOT NULL,
  `state` varchar(45) NOT NULL,
  PRIMARY KEY (`city_id`),
  UNIQUE KEY `city_id_UNIQUE` (`city_id`)
) ENGINE=InnoDB DEFAULT CHARSET=utf8mb4 COLLATE=utf8mb4_0900_ai_ci;


--
-- Dumping data for table `city`
--

LOCK TABLES `city` WRITE;

INSERT INTO `city` VALUES (49,'bengaluru','karnataka');

UNLOCK TABLES;


--
-- Table structure for table `movie`
--

DROP TABLE IF EXISTS `movie`;

CREATE TABLE `movie` (
  `movie_id` int NOT NULL,
  `title` varchar(70) NOT NULL,
  `description` varchar(500) NOT NULL,
  `duration` time NOT NULL,
  `country` varchar(45) NOT NULL,
  `genere` varchar(45) NOT NULL,
  `release_date` date NOT NULL,
  `language` varchar(45) NOT NULL,
  PRIMARY KEY (`movie_id`),
  UNIQUE KEY `movie_id_UNIQUE` (`movie_id`)
) ENGINE=InnoDB DEFAULT CHARSET=utf8mb4 COLLATE=utf8mb4_0900_ai_ci;


--
-- Dumping data for table `movie`
--

LOCK TABLES `movie` WRITE;

INSERT INTO `movie` VALUES (897,'Fast X','Dom Toretto and his family must confront a terrifying new enemy who`s fueled by revenge.','02:14:00','USA','Action','2023-05-18','English'),(898,'Fast X','Dom Toretto and his family must confront a terrifying new enemy who`s fueled by revenge.','02:14:00','USA','Action','2023-05-18','Hindi'),(899,'Fast X','Dom Toretto and his family must confront a terrifying new enemy who`s fueled by revenge.','02:14:00','USA','Action','2023-05-18','Tamil'),(900,'Fast X','Dom Toretto and his family must confront a terrifying new enemy who`s fueled by revenge.','02:14:00','USA','Action','2023-05-18','Telugu'),(901,'Guardians of the Galaxy Vol. 3','Our beloved band of misfits are settling into life on Knowhere. But it isn`t long before their lives are upended by the echoes of Rocket`s turbulent past. Peter Quill, still reeling from the loss of Gamora, must rally his team around him on a dangerous mission to save Rocket`s life - a mission that, if not completed successfully, could quite possibly lead to the end of the Guardians as we know them.','02:30:00','USA','Adventure','2023-05-05','English'),(902,'Guardians of the Galaxy Vol. 3','Our beloved band of misfits are settling into life on Knowhere. But it isn`t long before their lives are upended by the echoes of Rocket`s turbulent past. Peter Quill, still reeling from the loss of Gamora, must rally his team around him on a dangerous mission to save Rocket`s life - a mission that, if not completed successfully, could quite possibly lead to the end of the Guardians as we know them.','02:30:00','USA','Adventure','2023-05-05','Hindi'),(903,'Guardians of the Galaxy Vol. 3','Our beloved band of misfits are settling into life on Knowhere. But it isn`t long before their lives are upended by the echoes of Rocket`s turbulent past. Peter Quill, still reeling from the loss of Gamora, must rally his team around him on a dangerous mission to save Rocket`s life - a mission that, if not completed successfully, could quite possibly lead to the end of the Guardians as we know them.','02:30:00','USA','Adventure','2023-05-05','Tamil'),(904,'Guardians of the Galaxy Vol. 3','Our beloved band of misfits are settling into life on Knowhere. But it isn`t long before their lives are upended by the echoes of Rocket`s turbulent past. Peter Quill, still reeling from the loss of Gamora, must rally his team around him on a dangerous mission to save Rocket`s life - a mission that, if not completed successfully, could quite possibly lead to the end of the Guardians as we know them.','02:30:00','USA','Adventure','2023-05-05','Telugu'),(905,'Evil Dead Rise','Moving the action out of the woods and into the city, \"Evil Dead Rise\" tells a twisted tale of two estranged sisters, played by Sutherland and Sullivan, whose reunion is cut short by the rise of flesh-possessing demons, thrusting them into a primal battle for survival as they face the most nightmarish version of family imaginable.','01:39:00','USA','Horror','2023-04-21','English'),(906,'Ponniyin Selvan - Part 2','A plot to murder the king and the two princes of the Chola dynasty is underfoot. Can the Cholas survive the wrath of the Pandiya rebels, who are being led by the vengeful Nandhini?','02:44:00','INDIA','Historical','2023-04-28','Tamil'),(907,'Ponniyin Selvan - Part 2','A plot to murder the king and the two princes of the Chola dynasty is underfoot. Can the Cholas survive the wrath of the Pandiya rebels, who are being led by the vengeful Nandhini?','02:44:00','INDIA','Historical','2023-04-28','Malayalam'),(908,'Ponniyin Selvan - Part 2','A plot to murder the king and the two princes of the Chola dynasty is underfoot. Can the Cholas survive the wrath of the Pandiya rebels, who are being led by the vengeful Nandhini?','02:44:00','INDIA','Historical','2023-04-28','Kannada'),(909,'Ponniyin Selvan - Part 2','A plot to murder the king and the two princes of the Chola dynasty is underfoot. Can the Cholas survive the wrath of the Pandiya rebels, who are being led by the vengeful Nandhini?','02:44:00','INDIA','Historical','2023-04-28','Telugu'),(910,'Ponniyin Selvan - Part 2','A plot to murder the king and the two princes of the Chola dynasty is underfoot. Can the Cholas survive the wrath of the Pandiya rebels, who are being led by the vengeful Nandhini?','02:44:00','INDIA','Historical','2023-04-28','Hindi'),(911,'2018','A thriller set in the backdrop of 2018 Kerala Floods. It unfolds the lives of people from all walks of life who faced catastrophic consequences and the collective efforts put in by the brave people to survive the calamity.','02:30:00','INDIA','Drama','2023-05-05','Malayalam'),(912,'Anni Manchi Sakunamule','Set in a fictional place called Victoriapuram, the movie is about a feud between two families for a coffee estate. The fight continues over the generations. Will the issue between the two families sort out?','02:34:00','INDIA','Romantic','2023-05-18','Telugu'),(913,'Daredevil Musthafa','Based on a short story by K.P Poornachandra Tejaswi.','02:40:00','INDIA','Comedy','2023-05-19','Kannada'),(914,'IB71','IB71, a patriotic spy thriller, is an untold story based on true events where IB agent Dev Jammwal (Vidyut Jammwal) is on a top secret mission to save the nation.','01:59:00','INDIA','Thriller','2023-05-12','Hindi');

UNLOCK TABLES;


--
-- Table structure for table `cinema`
--

DROP TABLE IF EXISTS `cinema`;

CREATE TABLE `cinema` (
  `cinema_id` int NOT NULL,
  `name` varchar(45) NOT NULL,
  `city_id` int NOT NULL,
  PRIMARY KEY (`cinema_id`),
  UNIQUE KEY `cinema_id_UNIQUE` (`cinema_id`),
  KEY `city_id_idx` (`city_id`),
  CONSTRAINT `city_id` FOREIGN KEY (`city_id`) REFERENCES `city` (`city_id`) ON DELETE RESTRICT ON UPDATE CASCADE
) ENGINE=InnoDB DEFAULT CHARSET=utf8mb4 COLLATE=utf8mb4_0900_ai_ci;


--
-- Dumping data for table `cinema`
--

LOCK TABLES `cinema` WRITE;

INSERT INTO `cinema` VALUES (264,'Cinepolis VIP: Lulu Mall',49),(267,'INOX: Nexus, Whitefield',49),(270,'PVR: Gold, Vega City',49),(275,'PVR: Gold, Orion Mall',49),(286,'PVR: Aura Park Square',49),(387,'Kamakya Cinema: Banashankari',49),(389,'Inox: Galleria Mall',49),(398,'Inox: Garuda Mall',49),(401,'Cinepolis: Orion East Mall',49),(408,'Cinepolis: Binnypet Mall',49);

UNLOCK TABLES;


--
-- Table structure for table `cinema_hall`
--

DROP TABLE IF EXISTS `cinema_hall`;

CREATE TABLE `cinema_hall` (
  `cinema_hall_id` int NOT NULL,
  `name` varchar(45) NOT NULL,
  `total_seats` int DEFAULT NULL,
  `cinema_id` int NOT NULL,
  PRIMARY KEY (`cinema_hall_id`),
  UNIQUE KEY `cinema_hall_id_UNIQUE` (`cinema_hall_id`),
  KEY `cinema_id_idx` (`cinema_id`),
  CONSTRAINT `cinema_id` FOREIGN KEY (`cinema_id`) REFERENCES `cinema` (`cinema_id`) ON DELETE CASCADE ON UPDATE CASCADE
) ENGINE=InnoDB DEFAULT CHARSET=utf8mb4 COLLATE=utf8mb4_0900_ai_ci;


--
-- Dumping data for table `cinema_hall`
--

LOCK TABLES `cinema_hall` WRITE;

INSERT INTO `cinema_hall` VALUES (432,'F1',265,401),(433,'F2',250,401),(434,'H1',220,401),(487,'V1',245,408),(488,'V2',259,408),(489,'S1',220,408),(623,'I1',240,286),(624,'I2',230,286),(625,'I3',230,286),(675,'F1',250,270),(676,'F2',245,270),(677,'K1',245,270),(678,'J1',240,270),(679,'J2',230,270),(701,'A1',230,264),(702,'A2',220,264),(703,'B1',240,264),(704,'S1',210,264),(705,'S2',220,264),(801,'M1',220,275),(802,'M2',230,275),(803,'M3',220,275),(849,'D1',240,267),(850,'D2',230,267),(851,'C1',230,267),(852,'C2',240,267),(976,'A1',270,389),(977,'A2',270,389),(978,'S1',220,389),(1001,'B1',240,398),(1002,'C1',220,398),(1003,'C2',230,398),(1190,'A1',375,387);

UNLOCK TABLES;



--
-- Table structure for table `shows`
--

DROP TABLE IF EXISTS `shows`;

CREATE TABLE `shows` (
  `show_id` int NOT NULL AUTO_INCREMENT,
  `date` date NOT NULL,
  `start_time` time NOT NULL,
  `end_time` time NOT NULL,
  `cinema_hall_id` int NOT NULL,
  `movie_id` int NOT NULL,
  PRIMARY KEY (`show_id`),
  UNIQUE KEY `show_id_UNIQUE` (`show_id`),
  KEY `cinema_hall_id_idx` (`cinema_hall_id`),
  KEY `movie_id_idx` (`movie_id`),
  CONSTRAINT `cinema_hall_id` FOREIGN KEY (`cinema_hall_id`) REFERENCES `cinema_hall` (`cinema_hall_id`),
  CONSTRAINT `movie_id` FOREIGN KEY (`movie_id`) REFERENCES `movie` (`movie_id`)
) ENGINE=InnoDB AUTO_INCREMENT=919 DEFAULT CHARSET=utf8mb4 COLLATE=utf8mb4_0900_ai_ci;


--
-- Dumping data for table `shows`
--

LOCK TABLES `shows` WRITE;

INSERT INTO `shows` VALUES (1,'2023-05-20','10:30:00','13:10:00',432,897),(2,'2023-05-20','19:30:00','22:10:00',432,897),(3,'2023-05-20','22:30:00','01:10:00',432,897),(4,'2023-05-20','13:30:00','16:10:00',432,897),(5,'2023-05-20','10:50:00','13:00:00',433,905),(6,'2023-05-20','13:00:00','16:10:00',433,912),(7,'2023-05-20','16:40:00','19:10:00',433,911),(8,'2023-05-20','19:50:00','23:10:00',433,908),(9,'2023-05-20','10:15:00','13:00:00',434,901),(10,'2023-05-20','13:15:00','16:10:00',434,902),(11,'2023-05-20','16:30:00','19:10:00',434,901),(12,'2023-05-20','19:30:00','23:10:00',434,910),(13,'2023-05-20','10:30:00','13:10:00',487,897),(14,'2023-05-20','13:30:00','16:10:00',487,897),(15,'2023-05-20','19:30:00','22:10:00',487,897),(16,'2023-05-20','22:30:00','01:10:00',487,897),(17,'2023-05-20','10:50:00','13:00:00',488,905),(18,'2023-05-20','13:00:00','16:10:00',488,912),(19,'2023-05-20','16:40:00','19:10:00',488,911),(20,'2023-05-20','19:50:00','23:10:00',488,908),(21,'2023-05-20','10:15:00','13:00:00',489,901),(22,'2023-05-20','13:15:00','16:10:00',489,902),(23,'2023-05-20','16:30:00','19:10:00',489,901),(24,'2023-05-20','19:30:00','23:10:00',489,910),(25,'2023-05-20','10:30:00','13:10:00',623,902),(26,'2023-05-20','13:30:00','16:10:00',623,901),(27,'2023-05-20','19:30:00','22:10:00',623,902),(28,'2023-05-20','22:30:00','01:10:00',623,901),(29,'2023-05-20','10:50:00','13:00:00',624,905),(30,'2023-05-20','13:00:00','16:10:00',624,912),(31,'2023-05-20','16:40:00','19:10:00',624,911),(32,'2023-05-20','19:50:00','23:10:00',624,908),(33,'2023-05-20','10:15:00','13:00:00',625,897),(34,'2023-05-20','13:15:00','16:10:00',625,898),(35,'2023-05-20','16:30:00','19:10:00',625,898),(36,'2023-05-20','19:30:00','23:10:00',625,897),(37,'2023-05-20','10:30:00','13:10:00',976,897),(38,'2023-05-20','13:30:00','16:10:00',976,902),(39,'2023-05-20','19:30:00','22:10:00',976,898),(40,'2023-05-20','22:30:00','01:10:00',976,901),(41,'2023-05-20','10:50:00','13:00:00',977,913),(42,'2023-05-20','13:00:00','16:10:00',977,912),(43,'2023-05-20','16:40:00','19:10:00',977,911),(44,'2023-05-20','19:50:00','23:10:00',977,908),(45,'2023-05-20','10:15:00','13:00:00',978,914),(46,'2023-05-20','13:15:00','16:10:00',978,912),(47,'2023-05-20','16:30:00','19:10:00',978,907),(48,'2023-05-20','19:30:00','23:10:00',978,910),(49,'2023-05-20','10:30:00','13:10:00',487,900),(50,'2023-05-20','13:30:00','16:10:00',487,903),(51,'2023-05-20','19:30:00','22:10:00',487,904),(52,'2023-05-20','22:30:00','01:10:00',487,899),(53,'2023-05-20','10:50:00','13:00:00',488,911),(54,'2023-05-20','13:00:00','16:10:00',488,912),(55,'2023-05-20','16:40:00','19:10:00',488,913),(56,'2023-05-20','19:50:00','23:10:00',488,914),(57,'2023-05-20','10:15:00','13:00:00',489,903),(58,'2023-05-20','13:15:00','16:10:00',489,904),(59,'2023-05-20','16:30:00','19:10:00',489,904),(60,'2023-05-20','19:30:00','23:10:00',489,903),(61,'2023-05-20','10:30:00','13:10:00',849,897),(62,'2023-05-20','13:30:00','16:10:00',849,902),(63,'2023-05-20','19:30:00','22:10:00',849,898),(64,'2023-05-20','22:30:00','01:10:00',849,901),(65,'2023-05-20','10:50:00','13:00:00',850,913),(66,'2023-05-20','13:00:00','16:10:00',850,912),(67,'2023-05-20','16:40:00','19:10:00',850,911),(68,'2023-05-20','19:50:00','23:10:00',850,908),(69,'2023-05-20','10:15:00','13:00:00',851,914),(70,'2023-05-20','13:15:00','16:10:00',851,912),(71,'2023-05-20','16:30:00','19:10:00',851,907),(72,'2023-05-20','19:30:00','23:10:00',851,910),(73,'2023-05-20','10:50:00','13:00:00',852,905),(74,'2023-05-20','13:00:00','16:10:00',852,912),(75,'2023-05-20','16:40:00','19:10:00',852,911),(76,'2023-05-20','19:50:00','23:10:00',852,908),(77,'2023-05-20','10:30:00','13:10:00',675,897),(78,'2023-05-20','13:30:00','16:10:00',675,902),(79,'2023-05-20','19:30:00','22:10:00',675,898),(80,'2023-05-20','22:30:00','01:10:00',675,901),(81,'2023-05-20','10:50:00','13:00:00',676,913),(82,'2023-05-20','13:00:00','16:10:00',676,912),(83,'2023-05-20','16:40:00','19:10:00',676,911),(84,'2023-05-20','19:50:00','23:10:00',676,908),(85,'2023-05-20','10:15:00','13:00:00',677,914),(86,'2023-05-20','13:15:00','16:10:00',677,912),(87,'2023-05-20','16:30:00','19:10:00',677,907),(88,'2023-05-20','19:30:00','23:10:00',677,910),(89,'2023-05-20','10:50:00','13:00:00',678,905),(90,'2023-05-20','13:00:00','16:10:00',678,912),(91,'2023-05-20','16:40:00','19:10:00',678,911),(92,'2023-05-20','19:50:00','23:10:00',678,908),(93,'2023-05-20','10:50:00','13:00:00',679,905),(94,'2023-05-20','13:00:00','16:10:00',679,912),(95,'2023-05-20','16:40:00','19:10:00',679,911),(96,'2023-05-20','19:50:00','23:10:00',679,908),(97,'2023-05-20','10:30:00','13:10:00',701,897),(98,'2023-05-20','13:30:00','16:10:00',701,902),(99,'2023-05-20','19:30:00','22:10:00',701,898),(100,'2023-05-20','22:30:00','01:10:00',701,901),(101,'2023-05-20','10:50:00','13:00:00',702,913),(102,'2023-05-20','13:00:00','16:10:00',702,912),(103,'2023-05-20','16:40:00','19:10:00',702,911),(104,'2023-05-20','19:50:00','23:10:00',702,908),(105,'2023-05-20','10:15:00','13:00:00',703,914),(106,'2023-05-20','13:15:00','16:10:00',703,912),(107,'2023-05-20','16:30:00','19:10:00',703,907),(108,'2023-05-20','19:30:00','23:10:00',703,910),(109,'2023-05-20','10:50:00','13:00:00',704,905),(110,'2023-05-20','13:00:00','16:10:00',704,912),(111,'2023-05-20','16:40:00','19:10:00',704,911),(112,'2023-05-20','19:50:00','23:10:00',704,908),(113,'2023-05-20','10:50:00','13:00:00',705,905),(114,'2023-05-20','13:00:00','16:10:00',705,912),(115,'2023-05-20','16:40:00','19:10:00',705,911),(116,'2023-05-20','19:50:00','23:10:00',705,908),(117,'2023-05-20','10:30:00','13:10:00',801,897),(118,'2023-05-20','13:30:00','16:10:00',801,897),(119,'2023-05-20','19:30:00','22:10:00',801,897),(120,'2023-05-20','22:30:00','01:10:00',801,897),(121,'2023-05-20','10:50:00','13:00:00',802,905),(122,'2023-05-20','13:00:00','16:10:00',802,912),(123,'2023-05-20','16:40:00','19:10:00',802,911),(124,'2023-05-20','19:50:00','23:10:00',802,908),(125,'2023-05-20','10:15:00','13:00:00',803,901),(126,'2023-05-20','13:15:00','16:10:00',803,902),(127,'2023-05-20','16:30:00','19:10:00',803,901),(128,'2023-05-20','19:30:00','23:10:00',803,910),(129,'2023-05-20','10:15:00','13:00:00',1190,899),(130,'2023-05-20','13:15:00','16:10:00',1190,904),(131,'2023-05-20','16:30:00','19:10:00',1190,909),(132,'2023-05-20','19:30:00','23:10:00',1190,912),(133,'2023-05-21','10:30:00','13:10:00',432,897),(134,'2023-05-21','13:30:00','16:10:00',432,897),(135,'2023-05-21','19:30:00','22:10:00',432,897),(136,'2023-05-21','22:30:00','01:10:00',432,897),(137,'2023-05-21','10:50:00','13:00:00',433,905),(138,'2023-05-21','13:00:00','16:10:00',433,912),(139,'2023-05-21','16:40:00','19:10:00',433,911),(140,'2023-05-21','19:50:00','23:10:00',433,908),(141,'2023-05-21','10:15:00','13:00:00',434,901),(142,'2023-05-21','13:15:00','16:10:00',434,902),(143,'2023-05-21','16:30:00','19:10:00',434,901),(144,'2023-05-21','19:30:00','23:10:00',434,910),(145,'2023-05-21','10:30:00','13:10:00',487,897),(146,'2023-05-21','13:30:00','16:10:00',487,897),(147,'2023-05-21','19:30:00','22:10:00',487,897),(148,'2023-05-21','22:30:00','01:10:00',487,897),(149,'2023-05-21','10:50:00','13:00:00',488,905),(150,'2023-05-21','13:00:00','16:10:00',488,912),(151,'2023-05-21','16:40:00','19:10:00',488,911),(152,'2023-05-21','19:50:00','23:10:00',488,908),(153,'2023-05-21','10:15:00','13:00:00',489,901),(154,'2023-05-21','13:15:00','16:10:00',489,902),(155,'2023-05-21','16:30:00','19:10:00',489,901),(156,'2023-05-21','19:30:00','23:10:00',489,910),(157,'2023-05-21','10:30:00','13:10:00',623,902),(158,'2023-05-21','13:30:00','16:10:00',623,901),(159,'2023-05-21','19:30:00','22:10:00',623,902),(160,'2023-05-21','22:30:00','01:10:00',623,901),(161,'2023-05-21','10:50:00','13:00:00',624,905),(162,'2023-05-21','13:00:00','16:10:00',624,912),(163,'2023-05-21','16:40:00','19:10:00',624,911),(164,'2023-05-21','19:50:00','23:10:00',624,908),(165,'2023-05-21','10:15:00','13:00:00',625,897),(166,'2023-05-21','13:15:00','16:10:00',625,898),(167,'2023-05-21','16:30:00','19:10:00',625,898),(168,'2023-05-21','19:30:00','23:10:00',625,897),(169,'2023-05-21','10:30:00','13:10:00',976,897),(170,'2023-05-21','13:30:00','16:10:00',976,902),(171,'2023-05-21','19:30:00','22:10:00',976,898),(172,'2023-05-21','22:30:00','01:10:00',976,901),(173,'2023-05-21','10:50:00','13:00:00',977,913),(174,'2023-05-21','13:00:00','16:10:00',977,912),(175,'2023-05-21','16:40:00','19:10:00',977,911),(176,'2023-05-21','19:50:00','23:10:00',977,908),(177,'2023-05-21','10:15:00','13:00:00',978,914),(178,'2023-05-21','13:15:00','16:10:00',978,912),(179,'2023-05-21','16:30:00','19:10:00',978,907),(180,'2023-05-21','19:30:00','23:10:00',978,910),(181,'2023-05-21','10:30:00','13:10:00',487,900),(182,'2023-05-21','13:30:00','16:10:00',487,903),(183,'2023-05-21','19:30:00','22:10:00',487,904),(184,'2023-05-21','22:30:00','01:10:00',487,899),(185,'2023-05-21','10:50:00','13:00:00',488,911),(186,'2023-05-21','13:00:00','16:10:00',488,912),(187,'2023-05-21','16:40:00','19:10:00',488,913),(188,'2023-05-21','19:50:00','23:10:00',488,914),(189,'2023-05-21','10:15:00','13:00:00',489,903),(190,'2023-05-21','13:15:00','16:10:00',489,904),(191,'2023-05-21','16:30:00','19:10:00',489,904),(192,'2023-05-21','19:30:00','23:10:00',489,903),(193,'2023-05-21','10:30:00','13:10:00',849,897),(194,'2023-05-21','13:30:00','16:10:00',849,902),(195,'2023-05-21','19:30:00','22:10:00',849,898),(196,'2023-05-21','22:30:00','01:10:00',849,901),(197,'2023-05-21','10:50:00','13:00:00',850,913),(198,'2023-05-21','13:00:00','16:10:00',850,912),(199,'2023-05-21','16:40:00','19:10:00',850,911),(200,'2023-05-21','19:50:00','23:10:00',850,908),(201,'2023-05-21','10:15:00','13:00:00',851,914),(202,'2023-05-21','13:15:00','16:10:00',851,912),(203,'2023-05-21','16:30:00','19:10:00',851,907),(204,'2023-05-21','19:30:00','23:10:00',851,910),(205,'2023-05-21','10:50:00','13:00:00',852,905),(206,'2023-05-21','13:00:00','16:10:00',852,912),(207,'2023-05-21','16:40:00','19:10:00',852,911),(208,'2023-05-21','19:50:00','23:10:00',852,908),(209,'2023-05-21','10:30:00','13:10:00',675,897),(210,'2023-05-21','13:30:00','16:10:00',675,902),(211,'2023-05-21','19:30:00','22:10:00',675,898),(212,'2023-05-21','22:30:00','01:10:00',675,901),(213,'2023-05-21','10:50:00','13:00:00',676,913),(214,'2023-05-21','13:00:00','16:10:00',676,912),(215,'2023-05-21','16:40:00','19:10:00',676,911),(216,'2023-05-21','19:50:00','23:10:00',676,908),(217,'2023-05-21','10:15:00','13:00:00',677,914),(218,'2023-05-21','13:15:00','16:10:00',677,912),(219,'2023-05-21','16:30:00','19:10:00',677,907),(220,'2023-05-21','19:30:00','23:10:00',677,910),(221,'2023-05-21','10:50:00','13:00:00',678,905),(222,'2023-05-21','13:00:00','16:10:00',678,912),(223,'2023-05-21','16:40:00','19:10:00',678,911),(224,'2023-05-21','19:50:00','23:10:00',678,908),(225,'2023-05-21','10:50:00','13:00:00',679,905),(226,'2023-05-21','13:00:00','16:10:00',679,912),(227,'2023-05-21','16:40:00','19:10:00',679,911),(228,'2023-05-21','19:50:00','23:10:00',679,908),(229,'2023-05-21','10:30:00','13:10:00',701,897),(230,'2023-05-21','13:30:00','16:10:00',701,902),(231,'2023-05-21','19:30:00','22:10:00',701,898),(232,'2023-05-21','22:30:00','01:10:00',701,901),(233,'2023-05-21','10:50:00','13:00:00',702,913),(234,'2023-05-21','13:00:00','16:10:00',702,912),(235,'2023-05-21','16:40:00','19:10:00',702,911),(236,'2023-05-21','19:50:00','23:10:00',702,908),(237,'2023-05-21','10:15:00','13:00:00',703,914),(238,'2023-05-21','13:15:00','16:10:00',703,912),(239,'2023-05-21','16:30:00','19:10:00',703,907),(240,'2023-05-21','19:30:00','23:10:00',703,910),(241,'2023-05-21','13:00:00','16:10:00',704,912),(242,'2023-05-21','16:40:00','19:10:00',704,911),(243,'2023-05-21','19:50:00','23:10:00',704,908),(244,'2023-05-21','10:50:00','13:00:00',705,905),(245,'2023-05-21','13:00:00','16:10:00',705,912),(246,'2023-05-21','16:40:00','19:10:00',705,911),(247,'2023-05-21','19:50:00','23:10:00',705,908),(248,'2023-05-21','10:30:00','13:10:00',801,897),(249,'2023-05-21','13:30:00','16:10:00',801,897),(250,'2023-05-21','19:30:00','22:10:00',801,897),(251,'2023-05-21','22:30:00','01:10:00',801,897),(252,'2023-05-21','10:50:00','13:00:00',802,905),(253,'2023-05-21','13:00:00','16:10:00',802,912),(254,'2023-05-21','16:40:00','19:10:00',802,911),(255,'2023-05-21','19:50:00','23:10:00',802,908),(256,'2023-05-21','10:15:00','13:00:00',803,901),(257,'2023-05-21','13:15:00','16:10:00',803,902),(258,'2023-05-21','16:30:00','19:10:00',803,901),(259,'2023-05-21','19:30:00','23:10:00',803,910),(260,'2023-05-21','10:15:00','13:00:00',1190,899),(261,'2023-05-21','13:15:00','16:10:00',1190,904),(262,'2023-05-21','16:30:00','19:10:00',1190,909),(263,'2023-05-21','19:30:00','23:10:00',1190,912),(264,'2023-05-22','10:30:00','13:10:00',432,897),(265,'2023-05-22','13:30:00','16:10:00',432,897),(266,'2023-05-22','19:30:00','22:10:00',432,897),(267,'2023-05-22','22:30:00','01:10:00',432,897),(268,'2023-05-22','10:50:00','13:00:00',433,905),(269,'2023-05-22','13:00:00','16:10:00',433,912),(270,'2023-05-22','16:40:00','19:10:00',433,911),(271,'2023-05-22','19:50:00','23:10:00',433,908),(272,'2023-05-22','10:15:00','13:00:00',434,901),(273,'2023-05-22','13:15:00','16:10:00',434,902),(274,'2023-05-22','16:30:00','19:10:00',434,901),(275,'2023-05-22','19:30:00','23:10:00',434,910),(276,'2023-05-22','10:30:00','13:10:00',487,897),(277,'2023-05-22','13:30:00','16:10:00',487,897),(278,'2023-05-22','19:30:00','22:10:00',487,897),(279,'2023-05-22','22:30:00','01:10:00',487,897),(280,'2023-05-22','10:50:00','13:00:00',488,905),(281,'2023-05-22','13:00:00','16:10:00',488,912),(282,'2023-05-22','16:40:00','19:10:00',488,911),(283,'2023-05-22','19:50:00','23:10:00',488,908),(284,'2023-05-22','10:15:00','13:00:00',489,901),(285,'2023-05-22','13:15:00','16:10:00',489,902),(286,'2023-05-22','16:30:00','19:10:00',489,901),(287,'2023-05-22','19:30:00','23:10:00',489,910),(288,'2023-05-22','10:30:00','13:10:00',623,902),(289,'2023-05-22','13:30:00','16:10:00',623,901),(290,'2023-05-22','19:30:00','22:10:00',623,902),(291,'2023-05-22','22:30:00','01:10:00',623,901),(292,'2023-05-22','10:50:00','13:00:00',624,905),(293,'2023-05-22','13:00:00','16:10:00',624,912),(294,'2023-05-22','16:40:00','19:10:00',624,911),(295,'2023-05-22','19:50:00','23:10:00',624,908),(296,'2023-05-22','10:15:00','13:00:00',625,897),(297,'2023-05-22','13:15:00','16:10:00',625,898),(298,'2023-05-22','16:30:00','19:10:00',625,898),(299,'2023-05-22','19:30:00','23:10:00',625,897),(300,'2023-05-22','10:30:00','13:10:00',976,897),(301,'2023-05-22','13:30:00','16:10:00',976,902),(302,'2023-05-22','19:30:00','22:10:00',976,898),(303,'2023-05-22','22:30:00','01:10:00',976,901),(304,'2023-05-22','10:50:00','13:00:00',977,913),(305,'2023-05-22','13:00:00','16:10:00',977,912),(306,'2023-05-22','16:40:00','19:10:00',977,911),(307,'2023-05-22','19:50:00','23:10:00',977,908),(308,'2023-05-22','10:15:00','13:00:00',978,914),(309,'2023-05-22','13:15:00','16:10:00',978,912),(310,'2023-05-22','16:30:00','19:10:00',978,907),(311,'2023-05-22','19:30:00','23:10:00',978,910),(312,'2023-05-22','10:30:00','13:10:00',487,900),(313,'2023-05-22','13:30:00','16:10:00',487,903),(314,'2023-05-22','19:30:00','22:10:00',487,904),(315,'2023-05-22','22:30:00','01:10:00',487,899),(316,'2023-05-22','10:50:00','13:00:00',488,911),(317,'2023-05-22','13:00:00','16:10:00',488,912),(318,'2023-05-22','16:40:00','19:10:00',488,913),(319,'2023-05-22','19:50:00','23:10:00',488,914),(320,'2023-05-22','10:15:00','13:00:00',489,903),(321,'2023-05-22','13:15:00','16:10:00',489,904),(322,'2023-05-22','16:30:00','19:10:00',489,904),(323,'2023-05-22','19:30:00','23:10:00',489,903),(324,'2023-05-22','10:30:00','13:10:00',849,897),(325,'2023-05-22','13:30:00','16:10:00',849,902),(326,'2023-05-22','19:30:00','22:10:00',849,898),(327,'2023-05-22','22:30:00','01:10:00',849,901),(328,'2023-05-22','10:50:00','13:00:00',850,913),(329,'2023-05-22','13:00:00','16:10:00',850,912),(330,'2023-05-22','16:40:00','19:10:00',850,911),(331,'2023-05-22','19:50:00','23:10:00',850,908),(332,'2023-05-22','10:15:00','13:00:00',851,914),(333,'2023-05-22','13:15:00','16:10:00',851,912),(334,'2023-05-22','16:30:00','19:10:00',851,907),(335,'2023-05-22','19:30:00','23:10:00',851,910),(336,'2023-05-22','10:50:00','13:00:00',852,905),(337,'2023-05-22','13:00:00','16:10:00',852,912),(338,'2023-05-22','16:40:00','19:10:00',852,911),(339,'2023-05-22','19:50:00','23:10:00',852,908),(340,'2023-05-22','10:30:00','13:10:00',675,897),(341,'2023-05-22','13:30:00','16:10:00',675,902),(342,'2023-05-22','19:30:00','22:10:00',675,898),(343,'2023-05-22','22:30:00','01:10:00',675,901),(344,'2023-05-22','10:50:00','13:00:00',676,913),(345,'2023-05-22','13:00:00','16:10:00',676,912),(346,'2023-05-22','16:40:00','19:10:00',676,911),(347,'2023-05-22','19:50:00','23:10:00',676,908),(348,'2023-05-22','10:15:00','13:00:00',677,914),(349,'2023-05-22','13:15:00','16:10:00',677,912),(350,'2023-05-22','16:30:00','19:10:00',677,907),(351,'2023-05-22','19:30:00','23:10:00',677,910),(352,'2023-05-22','10:50:00','13:00:00',678,905),(353,'2023-05-22','13:00:00','16:10:00',678,912),(354,'2023-05-22','16:40:00','19:10:00',678,911),(355,'2023-05-22','19:50:00','23:10:00',678,908),(356,'2023-05-22','10:50:00','13:00:00',679,905),(357,'2023-05-22','13:00:00','16:10:00',679,912),(358,'2023-05-22','16:40:00','19:10:00',679,911),(359,'2023-05-22','19:50:00','23:10:00',679,908),(360,'2023-05-22','10:30:00','13:10:00',701,897),(361,'2023-05-22','13:30:00','16:10:00',701,902),(362,'2023-05-22','19:30:00','22:10:00',701,898),(363,'2023-05-22','22:30:00','01:10:00',701,901),(364,'2023-05-22','10:50:00','13:00:00',702,913),(365,'2023-05-22','13:00:00','16:10:00',702,912),(366,'2023-05-22','16:40:00','19:10:00',702,911),(367,'2023-05-22','19:50:00','23:10:00',702,908),(368,'2023-05-22','10:15:00','13:00:00',703,914),(369,'2023-05-22','13:15:00','16:10:00',703,912),(370,'2023-05-22','16:30:00','19:10:00',703,907),(371,'2023-05-22','19:30:00','23:10:00',703,910),(372,'2023-05-22','13:00:00','16:10:00',704,912),(373,'2023-05-22','16:40:00','19:10:00',704,911),(374,'2023-05-22','19:50:00','23:10:00',704,908),(375,'2023-05-22','10:50:00','13:00:00',705,905),(376,'2023-05-22','13:00:00','16:10:00',705,912),(377,'2023-05-22','16:40:00','19:10:00',705,911),(378,'2023-05-22','19:50:00','23:10:00',705,908),(379,'2023-05-22','10:30:00','13:10:00',801,897),(380,'2023-05-22','13:30:00','16:10:00',801,897),(381,'2023-05-22','19:30:00','22:10:00',801,897),(382,'2023-05-22','22:30:00','01:10:00',801,897),(383,'2023-05-22','10:50:00','13:00:00',802,905),(384,'2023-05-22','13:00:00','16:10:00',802,912),(385,'2023-05-22','16:40:00','19:10:00',802,911),(386,'2023-05-22','19:50:00','23:10:00',802,908),(387,'2023-05-22','10:15:00','13:00:00',803,901),(388,'2023-05-22','13:15:00','16:10:00',803,902),(389,'2023-05-22','16:30:00','19:10:00',803,901),(390,'2023-05-22','19:30:00','23:10:00',803,910),(391,'2023-05-22','10:15:00','13:00:00',1190,899),(392,'2023-05-22','13:15:00','16:10:00',1190,904),(393,'2023-05-22','16:30:00','19:10:00',1190,909),(394,'2023-05-22','19:30:00','23:10:00',1190,912),(395,'2023-05-23','10:30:00','13:10:00',432,897),(396,'2023-05-23','13:30:00','16:10:00',432,897),(397,'2023-05-23','19:30:00','22:10:00',432,897),(398,'2023-05-23','22:30:00','01:10:00',432,897),(399,'2023-05-23','10:50:00','13:00:00',433,905),(400,'2023-05-23','13:00:00','16:10:00',433,912),(401,'2023-05-23','16:40:00','19:10:00',433,911),(402,'2023-05-23','19:50:00','23:10:00',433,908),(403,'2023-05-23','10:15:00','13:00:00',434,901),(404,'2023-05-23','13:15:00','16:10:00',434,902),(405,'2023-05-23','16:30:00','19:10:00',434,901),(406,'2023-05-23','19:30:00','23:10:00',434,910),(407,'2023-05-23','10:30:00','13:10:00',487,897),(408,'2023-05-23','13:30:00','16:10:00',487,897),(409,'2023-05-23','19:30:00','22:10:00',487,897),(410,'2023-05-23','22:30:00','01:10:00',487,897),(411,'2023-05-23','10:50:00','13:00:00',488,905),(412,'2023-05-23','13:00:00','16:10:00',488,912),(413,'2023-05-23','16:40:00','19:10:00',488,911),(414,'2023-05-23','19:50:00','23:10:00',488,908),(415,'2023-05-23','10:15:00','13:00:00',489,901),(416,'2023-05-23','13:15:00','16:10:00',489,902),(417,'2023-05-23','16:30:00','19:10:00',489,901),(418,'2023-05-23','19:30:00','23:10:00',489,910),(419,'2023-05-23','10:30:00','13:10:00',623,902),(420,'2023-05-23','13:30:00','16:10:00',623,901),(421,'2023-05-23','19:30:00','22:10:00',623,902),(422,'2023-05-23','22:30:00','01:10:00',623,901),(423,'2023-05-23','10:50:00','13:00:00',624,905),(424,'2023-05-23','13:00:00','16:10:00',624,912),(425,'2023-05-23','16:40:00','19:10:00',624,911),(426,'2023-05-23','19:50:00','23:10:00',624,908),(427,'2023-05-23','10:15:00','13:00:00',625,897),(428,'2023-05-23','13:15:00','16:10:00',625,898),(429,'2023-05-23','16:30:00','19:10:00',625,898),(430,'2023-05-23','19:30:00','23:10:00',625,897),(431,'2023-05-23','10:30:00','13:10:00',976,897),(432,'2023-05-23','13:30:00','16:10:00',976,902),(433,'2023-05-23','19:30:00','22:10:00',976,898),(434,'2023-05-23','22:30:00','01:10:00',976,901),(435,'2023-05-23','10:50:00','13:00:00',977,913),(436,'2023-05-23','13:00:00','16:10:00',977,912),(437,'2023-05-23','16:40:00','19:10:00',977,911),(438,'2023-05-23','19:50:00','23:10:00',977,908),(439,'2023-05-23','10:15:00','13:00:00',978,914),(440,'2023-05-23','13:15:00','16:10:00',978,912),(441,'2023-05-23','16:30:00','19:10:00',978,907),(442,'2023-05-23','19:30:00','23:10:00',978,910),(443,'2023-05-23','10:30:00','13:10:00',487,900),(444,'2023-05-23','13:30:00','16:10:00',487,903),(445,'2023-05-23','19:30:00','22:10:00',487,904),(446,'2023-05-23','22:30:00','01:10:00',487,899),(447,'2023-05-23','10:50:00','13:00:00',488,911),(448,'2023-05-23','13:00:00','16:10:00',488,912),(449,'2023-05-23','16:40:00','19:10:00',488,913),(450,'2023-05-23','19:50:00','23:10:00',488,914),(451,'2023-05-23','10:15:00','13:00:00',489,903),(452,'2023-05-23','13:15:00','16:10:00',489,904),(453,'2023-05-23','16:30:00','19:10:00',489,904),(454,'2023-05-23','19:30:00','23:10:00',489,903),(455,'2023-05-23','10:30:00','13:10:00',849,897),(456,'2023-05-23','13:30:00','16:10:00',849,902),(457,'2023-05-23','19:30:00','22:10:00',849,898),(458,'2023-05-23','22:30:00','01:10:00',849,901),(459,'2023-05-23','10:50:00','13:00:00',850,913),(460,'2023-05-23','13:00:00','16:10:00',850,912),(461,'2023-05-23','16:40:00','19:10:00',850,911),(462,'2023-05-23','19:50:00','23:10:00',850,908),(463,'2023-05-23','10:15:00','13:00:00',851,914),(464,'2023-05-23','13:15:00','16:10:00',851,912),(465,'2023-05-23','16:30:00','19:10:00',851,907),(466,'2023-05-23','19:30:00','23:10:00',851,910),(467,'2023-05-23','10:50:00','13:00:00',852,905),(468,'2023-05-23','13:00:00','16:10:00',852,912),(469,'2023-05-23','16:40:00','19:10:00',852,911),(470,'2023-05-23','19:50:00','23:10:00',852,908),(471,'2023-05-23','10:30:00','13:10:00',675,897),(472,'2023-05-23','13:30:00','16:10:00',675,902),(473,'2023-05-23','19:30:00','22:10:00',675,898),(474,'2023-05-23','22:30:00','01:10:00',675,901),(475,'2023-05-23','10:50:00','13:00:00',676,913),(476,'2023-05-23','13:00:00','16:10:00',676,912),(477,'2023-05-23','16:40:00','19:10:00',676,911),(478,'2023-05-23','19:50:00','23:10:00',676,908),(479,'2023-05-23','10:15:00','13:00:00',677,914),(480,'2023-05-23','13:15:00','16:10:00',677,912),(481,'2023-05-23','16:30:00','19:10:00',677,907),(482,'2023-05-23','19:30:00','23:10:00',677,910),(483,'2023-05-23','10:50:00','13:00:00',678,905),(484,'2023-05-23','13:00:00','16:10:00',678,912),(485,'2023-05-23','16:40:00','19:10:00',678,911),(486,'2023-05-23','19:50:00','23:10:00',678,908),(487,'2023-05-23','10:50:00','13:00:00',679,905),(488,'2023-05-23','13:00:00','16:10:00',679,912),(489,'2023-05-23','16:40:00','19:10:00',679,911),(490,'2023-05-23','19:50:00','23:10:00',679,908),(491,'2023-05-23','10:30:00','13:10:00',701,897),(492,'2023-05-23','13:30:00','16:10:00',701,902),(493,'2023-05-23','19:30:00','22:10:00',701,898),(494,'2023-05-23','22:30:00','01:10:00',701,901),(495,'2023-05-23','10:50:00','13:00:00',702,913),(496,'2023-05-23','13:00:00','16:10:00',702,912),(497,'2023-05-23','16:40:00','19:10:00',702,911),(498,'2023-05-23','19:50:00','23:10:00',702,908),(499,'2023-05-23','10:15:00','13:00:00',703,914),(500,'2023-05-23','13:15:00','16:10:00',703,912),(501,'2023-05-23','16:30:00','19:10:00',703,907),(502,'2023-05-23','19:30:00','23:10:00',703,910),(503,'2023-05-23','13:00:00','16:10:00',704,912),(504,'2023-05-23','16:40:00','19:10:00',704,911),(505,'2023-05-23','19:50:00','23:10:00',704,908),(506,'2023-05-23','10:50:00','13:00:00',705,905),(507,'2023-05-23','13:00:00','16:10:00',705,912),(508,'2023-05-23','16:40:00','19:10:00',705,911),(509,'2023-05-23','19:50:00','23:10:00',705,908),(510,'2023-05-23','10:30:00','13:10:00',801,897),(511,'2023-05-23','13:30:00','16:10:00',801,897),(512,'2023-05-23','19:30:00','22:10:00',801,897),(513,'2023-05-23','22:30:00','01:10:00',801,897),(514,'2023-05-23','10:50:00','13:00:00',802,905),(515,'2023-05-23','13:00:00','16:10:00',802,912),(516,'2023-05-23','16:40:00','19:10:00',802,911),(517,'2023-05-23','19:50:00','23:10:00',802,908),(518,'2023-05-23','10:15:00','13:00:00',803,901),(519,'2023-05-23','13:15:00','16:10:00',803,902),(520,'2023-05-23','16:30:00','19:10:00',803,901),(521,'2023-05-23','19:30:00','23:10:00',803,910),(522,'2023-05-23','10:15:00','13:00:00',1190,899),(523,'2023-05-23','13:15:00','16:10:00',1190,904),(524,'2023-05-23','16:30:00','19:10:00',1190,909),(525,'2023-05-23','19:30:00','23:10:00',1190,912),(526,'2023-05-24','10:30:00','13:10:00',432,897),(527,'2023-05-24','13:30:00','16:10:00',432,897),(528,'2023-05-24','19:30:00','22:10:00',432,897),(529,'2023-05-24','22:30:00','01:10:00',432,897),(530,'2023-05-24','10:50:00','13:00:00',433,905),(531,'2023-05-24','13:00:00','16:10:00',433,912),(532,'2023-05-24','16:40:00','19:10:00',433,911),(533,'2023-05-24','19:50:00','23:10:00',433,908),(534,'2023-05-24','10:15:00','13:00:00',434,901),(535,'2023-05-24','13:15:00','16:10:00',434,902),(536,'2023-05-24','16:30:00','19:10:00',434,901),(537,'2023-05-24','19:30:00','23:10:00',434,910),(538,'2023-05-24','10:30:00','13:10:00',487,897),(539,'2023-05-24','13:30:00','16:10:00',487,897),(540,'2023-05-24','19:30:00','22:10:00',487,897),(541,'2023-05-24','22:30:00','01:10:00',487,897),(542,'2023-05-24','10:50:00','13:00:00',488,905),(543,'2023-05-24','13:00:00','16:10:00',488,912),(544,'2023-05-24','16:40:00','19:10:00',488,911),(545,'2023-05-24','19:50:00','23:10:00',488,908),(546,'2023-05-24','10:15:00','13:00:00',489,901),(547,'2023-05-24','13:15:00','16:10:00',489,902),(548,'2023-05-24','16:30:00','19:10:00',489,901),(549,'2023-05-24','19:30:00','23:10:00',489,910),(550,'2023-05-24','10:30:00','13:10:00',623,902),(551,'2023-05-24','13:30:00','16:10:00',623,901),(552,'2023-05-24','19:30:00','22:10:00',623,902),(553,'2023-05-24','22:30:00','01:10:00',623,901),(554,'2023-05-24','10:50:00','13:00:00',624,905),(555,'2023-05-24','13:00:00','16:10:00',624,912),(556,'2023-05-24','16:40:00','19:10:00',624,911),(557,'2023-05-24','19:50:00','23:10:00',624,908),(558,'2023-05-24','10:15:00','13:00:00',625,897),(559,'2023-05-24','13:15:00','16:10:00',625,898),(560,'2023-05-24','16:30:00','19:10:00',625,898),(561,'2023-05-24','19:30:00','23:10:00',625,897),(562,'2023-05-24','10:30:00','13:10:00',976,897),(563,'2023-05-24','13:30:00','16:10:00',976,902),(564,'2023-05-24','19:30:00','22:10:00',976,898),(565,'2023-05-24','22:30:00','01:10:00',976,901),(566,'2023-05-24','10:50:00','13:00:00',977,913),(567,'2023-05-24','13:00:00','16:10:00',977,912),(568,'2023-05-24','16:40:00','19:10:00',977,911),(569,'2023-05-24','19:50:00','23:10:00',977,908),(570,'2023-05-24','10:15:00','13:00:00',978,914),(571,'2023-05-24','13:15:00','16:10:00',978,912),(572,'2023-05-24','16:30:00','19:10:00',978,907),(573,'2023-05-24','19:30:00','23:10:00',978,910),(574,'2023-05-24','10:30:00','13:10:00',487,900),(575,'2023-05-24','13:30:00','16:10:00',487,903),(576,'2023-05-24','19:30:00','22:10:00',487,904),(577,'2023-05-24','22:30:00','01:10:00',487,899),(578,'2023-05-24','10:50:00','13:00:00',488,911),(579,'2023-05-24','13:00:00','16:10:00',488,912),(580,'2023-05-24','16:40:00','19:10:00',488,913),(581,'2023-05-24','19:50:00','23:10:00',488,914),(582,'2023-05-24','10:15:00','13:00:00',489,903),(583,'2023-05-24','13:15:00','16:10:00',489,904),(584,'2023-05-24','16:30:00','19:10:00',489,904),(585,'2023-05-24','19:30:00','23:10:00',489,903),(586,'2023-05-24','10:30:00','13:10:00',849,897),(587,'2023-05-24','13:30:00','16:10:00',849,902),(588,'2023-05-24','19:30:00','22:10:00',849,898),(589,'2023-05-24','22:30:00','01:10:00',849,901),(590,'2023-05-24','10:50:00','13:00:00',850,913),(591,'2023-05-24','13:00:00','16:10:00',850,912),(592,'2023-05-24','16:40:00','19:10:00',850,911),(593,'2023-05-24','19:50:00','23:10:00',850,908),(594,'2023-05-24','10:15:00','13:00:00',851,914),(595,'2023-05-24','13:15:00','16:10:00',851,912),(596,'2023-05-24','16:30:00','19:10:00',851,907),(597,'2023-05-24','19:30:00','23:10:00',851,910),(598,'2023-05-24','10:50:00','13:00:00',852,905),(599,'2023-05-24','13:00:00','16:10:00',852,912),(600,'2023-05-24','16:40:00','19:10:00',852,911),(601,'2023-05-24','19:50:00','23:10:00',852,908),(602,'2023-05-24','10:30:00','13:10:00',675,897),(603,'2023-05-24','13:30:00','16:10:00',675,902),(604,'2023-05-24','19:30:00','22:10:00',675,898),(605,'2023-05-24','22:30:00','01:10:00',675,901),(606,'2023-05-24','10:50:00','13:00:00',676,913),(607,'2023-05-24','13:00:00','16:10:00',676,912),(608,'2023-05-24','16:40:00','19:10:00',676,911),(609,'2023-05-24','19:50:00','23:10:00',676,908),(610,'2023-05-24','10:15:00','13:00:00',677,914),(611,'2023-05-24','13:15:00','16:10:00',677,912),(612,'2023-05-24','16:30:00','19:10:00',677,907),(613,'2023-05-24','19:30:00','23:10:00',677,910),(614,'2023-05-24','10:50:00','13:00:00',678,905),(615,'2023-05-24','13:00:00','16:10:00',678,912),(616,'2023-05-24','16:40:00','19:10:00',678,911),(617,'2023-05-24','19:50:00','23:10:00',678,908),(618,'2023-05-24','10:50:00','13:00:00',679,905),(619,'2023-05-24','13:00:00','16:10:00',679,912),(620,'2023-05-24','16:40:00','19:10:00',679,911),(621,'2023-05-24','19:50:00','23:10:00',679,908),(622,'2023-05-24','10:30:00','13:10:00',701,897),(623,'2023-05-24','13:30:00','16:10:00',701,902),(624,'2023-05-24','19:30:00','22:10:00',701,898),(625,'2023-05-24','22:30:00','01:10:00',701,901),(626,'2023-05-24','10:50:00','13:00:00',702,913),(627,'2023-05-24','13:00:00','16:10:00',702,912),(628,'2023-05-24','16:40:00','19:10:00',702,911),(629,'2023-05-24','19:50:00','23:10:00',702,908),(630,'2023-05-24','10:15:00','13:00:00',703,914),(631,'2023-05-24','13:15:00','16:10:00',703,912),(632,'2023-05-24','16:30:00','19:10:00',703,907),(633,'2023-05-24','19:30:00','23:10:00',703,910),(634,'2023-05-24','13:00:00','16:10:00',704,912),(635,'2023-05-24','16:40:00','19:10:00',704,911),(636,'2023-05-24','19:50:00','23:10:00',704,908),(637,'2023-05-24','10:50:00','13:00:00',705,905),(638,'2023-05-24','13:00:00','16:10:00',705,912),(639,'2023-05-24','16:40:00','19:10:00',705,911),(640,'2023-05-24','19:50:00','23:10:00',705,908),(641,'2023-05-24','10:30:00','13:10:00',801,897),(642,'2023-05-24','13:30:00','16:10:00',801,897),(643,'2023-05-24','19:30:00','22:10:00',801,897),(644,'2023-05-24','22:30:00','01:10:00',801,897),(645,'2023-05-24','10:50:00','13:00:00',802,905),(646,'2023-05-24','13:00:00','16:10:00',802,912),(647,'2023-05-24','16:40:00','19:10:00',802,911),(648,'2023-05-24','19:50:00','23:10:00',802,908),(649,'2023-05-24','10:15:00','13:00:00',803,901),(650,'2023-05-24','13:15:00','16:10:00',803,902),(651,'2023-05-24','16:30:00','19:10:00',803,901),(652,'2023-05-24','19:30:00','23:10:00',803,910),(653,'2023-05-24','10:15:00','13:00:00',1190,899),(654,'2023-05-24','13:15:00','16:10:00',1190,904),(655,'2023-05-24','16:30:00','19:10:00',1190,909),(656,'2023-05-24','19:30:00','23:10:00',1190,912),(657,'2023-05-25','10:30:00','13:10:00',432,897),(658,'2023-05-25','13:30:00','16:10:00',432,897),(659,'2023-05-25','19:30:00','22:10:00',432,897),(660,'2023-05-25','22:30:00','01:10:00',432,897),(661,'2023-05-25','10:50:00','13:00:00',433,905),(662,'2023-05-25','13:00:00','16:10:00',433,912),(663,'2023-05-25','16:40:00','19:10:00',433,911),(664,'2023-05-25','19:50:00','23:10:00',433,908),(665,'2023-05-25','10:15:00','13:00:00',434,901),(666,'2023-05-25','13:15:00','16:10:00',434,902),(667,'2023-05-25','16:30:00','19:10:00',434,901),(668,'2023-05-25','19:30:00','23:10:00',434,910),(669,'2023-05-25','10:30:00','13:10:00',487,897),(670,'2023-05-25','13:30:00','16:10:00',487,897),(671,'2023-05-25','19:30:00','22:10:00',487,897),(672,'2023-05-25','22:30:00','01:10:00',487,897),(673,'2023-05-25','10:50:00','13:00:00',488,905),(674,'2023-05-25','13:00:00','16:10:00',488,912),(675,'2023-05-25','16:40:00','19:10:00',488,911),(676,'2023-05-25','19:50:00','23:10:00',488,908),(677,'2023-05-25','10:15:00','13:00:00',489,901),(678,'2023-05-25','13:15:00','16:10:00',489,902),(679,'2023-05-25','16:30:00','19:10:00',489,901),(680,'2023-05-25','19:30:00','23:10:00',489,910),(681,'2023-05-25','10:30:00','13:10:00',623,902),(682,'2023-05-25','13:30:00','16:10:00',623,901),(683,'2023-05-25','19:30:00','22:10:00',623,902),(684,'2023-05-25','22:30:00','01:10:00',623,901),(685,'2023-05-25','10:50:00','13:00:00',624,905),(686,'2023-05-25','13:00:00','16:10:00',624,912),(687,'2023-05-25','16:40:00','19:10:00',624,911),(688,'2023-05-25','19:50:00','23:10:00',624,908),(689,'2023-05-25','10:15:00','13:00:00',625,897),(690,'2023-05-25','13:15:00','16:10:00',625,898),(691,'2023-05-25','16:30:00','19:10:00',625,898),(692,'2023-05-25','19:30:00','23:10:00',625,897),(693,'2023-05-25','10:30:00','13:10:00',976,897),(694,'2023-05-25','13:30:00','16:10:00',976,902),(695,'2023-05-25','19:30:00','22:10:00',976,898),(696,'2023-05-25','22:30:00','01:10:00',976,901),(697,'2023-05-25','10:50:00','13:00:00',977,913),(698,'2023-05-25','13:00:00','16:10:00',977,912),(699,'2023-05-25','16:40:00','19:10:00',977,911),(700,'2023-05-25','19:50:00','23:10:00',977,908),(701,'2023-05-25','10:15:00','13:00:00',978,914),(702,'2023-05-25','13:15:00','16:10:00',978,912),(703,'2023-05-25','16:30:00','19:10:00',978,907),(704,'2023-05-25','19:30:00','23:10:00',978,910),(705,'2023-05-25','10:30:00','13:10:00',487,900),(706,'2023-05-25','13:30:00','16:10:00',487,903),(707,'2023-05-25','19:30:00','22:10:00',487,904),(708,'2023-05-25','22:30:00','01:10:00',487,899),(709,'2023-05-25','10:50:00','13:00:00',488,911),(710,'2023-05-25','13:00:00','16:10:00',488,912),(711,'2023-05-25','16:40:00','19:10:00',488,913),(712,'2023-05-25','19:50:00','23:10:00',488,914),(713,'2023-05-25','10:15:00','13:00:00',489,903),(714,'2023-05-25','13:15:00','16:10:00',489,904),(715,'2023-05-25','16:30:00','19:10:00',489,904),(716,'2023-05-25','19:30:00','23:10:00',489,903),(717,'2023-05-25','10:30:00','13:10:00',849,897),(718,'2023-05-25','13:30:00','16:10:00',849,902),(719,'2023-05-25','19:30:00','22:10:00',849,898),(720,'2023-05-25','22:30:00','01:10:00',849,901),(721,'2023-05-25','10:50:00','13:00:00',850,913),(722,'2023-05-25','13:00:00','16:10:00',850,912),(723,'2023-05-25','16:40:00','19:10:00',850,911),(724,'2023-05-25','19:50:00','23:10:00',850,908),(725,'2023-05-25','10:15:00','13:00:00',851,914),(726,'2023-05-25','13:15:00','16:10:00',851,912),(727,'2023-05-25','16:30:00','19:10:00',851,907),(728,'2023-05-25','19:30:00','23:10:00',851,910),(729,'2023-05-25','10:50:00','13:00:00',852,905),(730,'2023-05-25','13:00:00','16:10:00',852,912),(731,'2023-05-25','16:40:00','19:10:00',852,911),(732,'2023-05-25','19:50:00','23:10:00',852,908),(733,'2023-05-25','10:30:00','13:10:00',675,897),(734,'2023-05-25','13:30:00','16:10:00',675,902),(735,'2023-05-25','19:30:00','22:10:00',675,898),(736,'2023-05-25','22:30:00','01:10:00',675,901),(737,'2023-05-25','10:50:00','13:00:00',676,913),(738,'2023-05-25','13:00:00','16:10:00',676,912),(739,'2023-05-25','16:40:00','19:10:00',676,911),(740,'2023-05-25','19:50:00','23:10:00',676,908),(741,'2023-05-25','10:15:00','13:00:00',677,914),(742,'2023-05-25','13:15:00','16:10:00',677,912),(743,'2023-05-25','16:30:00','19:10:00',677,907),(744,'2023-05-25','19:30:00','23:10:00',677,910),(745,'2023-05-25','10:50:00','13:00:00',678,905),(746,'2023-05-25','13:00:00','16:10:00',678,912),(747,'2023-05-25','16:40:00','19:10:00',678,911),(748,'2023-05-25','19:50:00','23:10:00',678,908),(749,'2023-05-25','10:50:00','13:00:00',679,905),(750,'2023-05-25','13:00:00','16:10:00',679,912),(751,'2023-05-25','16:40:00','19:10:00',679,911),(752,'2023-05-25','19:50:00','23:10:00',679,908),(753,'2023-05-25','10:30:00','13:10:00',701,897),(754,'2023-05-25','13:30:00','16:10:00',701,902),(755,'2023-05-25','19:30:00','22:10:00',701,898),(756,'2023-05-25','22:30:00','01:10:00',701,901),(757,'2023-05-25','10:50:00','13:00:00',702,913),(758,'2023-05-25','13:00:00','16:10:00',702,912),(759,'2023-05-25','16:40:00','19:10:00',702,911),(760,'2023-05-25','19:50:00','23:10:00',702,908),(761,'2023-05-25','10:15:00','13:00:00',703,914),(762,'2023-05-25','13:15:00','16:10:00',703,912),(763,'2023-05-25','16:30:00','19:10:00',703,907),(764,'2023-05-25','19:30:00','23:10:00',703,910),(765,'2023-05-25','13:00:00','16:10:00',704,912),(766,'2023-05-25','16:40:00','19:10:00',704,911),(767,'2023-05-25','19:50:00','23:10:00',704,908),(768,'2023-05-25','10:50:00','13:00:00',705,905),(769,'2023-05-25','13:00:00','16:10:00',705,912),(770,'2023-05-25','16:40:00','19:10:00',705,911),(771,'2023-05-25','19:50:00','23:10:00',705,908),(772,'2023-05-25','10:30:00','13:10:00',801,897),(773,'2023-05-25','13:30:00','16:10:00',801,897),(774,'2023-05-25','19:30:00','22:10:00',801,897),(775,'2023-05-25','22:30:00','01:10:00',801,897),(776,'2023-05-25','10:50:00','13:00:00',802,905),(777,'2023-05-25','13:00:00','16:10:00',802,912),(778,'2023-05-25','16:40:00','19:10:00',802,911),(779,'2023-05-25','19:50:00','23:10:00',802,908),(780,'2023-05-25','10:15:00','13:00:00',803,901),(781,'2023-05-25','13:15:00','16:10:00',803,902),(782,'2023-05-25','16:30:00','19:10:00',803,901),(783,'2023-05-25','19:30:00','23:10:00',803,910),(784,'2023-05-25','10:15:00','13:00:00',1190,899),(785,'2023-05-25','13:15:00','16:10:00',1190,904),(786,'2023-05-25','16:30:00','19:10:00',1190,909),(787,'2023-05-25','19:30:00','23:10:00',1190,912),(788,'2023-05-26','10:30:00','13:10:00',432,897),(789,'2023-05-26','13:30:00','16:10:00',432,897),(790,'2023-05-26','19:30:00','22:10:00',432,897),(791,'2023-05-26','22:30:00','01:10:00',432,897),(792,'2023-05-26','10:50:00','13:00:00',433,905),(793,'2023-05-26','13:00:00','16:10:00',433,912),(794,'2023-05-26','16:40:00','19:10:00',433,911),(795,'2023-05-26','19:50:00','23:10:00',433,908),(796,'2023-05-26','10:15:00','13:00:00',434,901),(797,'2023-05-26','13:15:00','16:10:00',434,902),(798,'2023-05-26','16:30:00','19:10:00',434,901),(799,'2023-05-26','19:30:00','23:10:00',434,910),(800,'2023-05-26','10:30:00','13:10:00',487,897),(801,'2023-05-26','13:30:00','16:10:00',487,897),(802,'2023-05-26','19:30:00','22:10:00',487,897),(803,'2023-05-26','22:30:00','01:10:00',487,897),(804,'2023-05-26','10:50:00','13:00:00',488,905),(805,'2023-05-26','13:00:00','16:10:00',488,912),(806,'2023-05-26','16:40:00','19:10:00',488,911),(807,'2023-05-26','19:50:00','23:10:00',488,908),(808,'2023-05-26','10:15:00','13:00:00',489,901),(809,'2023-05-26','13:15:00','16:10:00',489,902),(810,'2023-05-26','16:30:00','19:10:00',489,901),(811,'2023-05-26','19:30:00','23:10:00',489,910),(812,'2023-05-26','10:30:00','13:10:00',623,902),(813,'2023-05-26','13:30:00','16:10:00',623,901),(814,'2023-05-26','19:30:00','22:10:00',623,902),(815,'2023-05-26','22:30:00','01:10:00',623,901),(816,'2023-05-26','10:50:00','13:00:00',624,905),(817,'2023-05-26','13:00:00','16:10:00',624,912),(818,'2023-05-26','16:40:00','19:10:00',624,911),(819,'2023-05-26','19:50:00','23:10:00',624,908),(820,'2023-05-26','10:15:00','13:00:00',625,897),(821,'2023-05-26','13:15:00','16:10:00',625,898),(822,'2023-05-26','16:30:00','19:10:00',625,898),(823,'2023-05-26','19:30:00','23:10:00',625,897),(824,'2023-05-26','10:30:00','13:10:00',976,897),(825,'2023-05-26','13:30:00','16:10:00',976,902),(826,'2023-05-26','19:30:00','22:10:00',976,898),(827,'2023-05-26','22:30:00','01:10:00',976,901),(828,'2023-05-26','10:50:00','13:00:00',977,913),(829,'2023-05-26','13:00:00','16:10:00',977,912),(830,'2023-05-26','16:40:00','19:10:00',977,911),(831,'2023-05-26','19:50:00','23:10:00',977,908),(832,'2023-05-26','10:15:00','13:00:00',978,914),(833,'2023-05-26','13:15:00','16:10:00',978,912),(834,'2023-05-26','16:30:00','19:10:00',978,907),(835,'2023-05-26','19:30:00','23:10:00',978,910),(836,'2023-05-26','10:30:00','13:10:00',487,900),(837,'2023-05-26','13:30:00','16:10:00',487,903),(838,'2023-05-26','19:30:00','22:10:00',487,904),(839,'2023-05-26','22:30:00','01:10:00',487,899),(840,'2023-05-26','10:50:00','13:00:00',488,911),(841,'2023-05-26','13:00:00','16:10:00',488,912),(842,'2023-05-26','16:40:00','19:10:00',488,913),(843,'2023-05-26','19:50:00','23:10:00',488,914),(844,'2023-05-26','10:15:00','13:00:00',489,903),(845,'2023-05-26','13:15:00','16:10:00',489,904),(846,'2023-05-26','16:30:00','19:10:00',489,904),(847,'2023-05-26','19:30:00','23:10:00',489,903),(848,'2023-05-26','10:30:00','13:10:00',849,897),(849,'2023-05-26','13:30:00','16:10:00',849,902),(850,'2023-05-26','19:30:00','22:10:00',849,898),(851,'2023-05-26','22:30:00','01:10:00',849,901),(852,'2023-05-26','10:50:00','13:00:00',850,913),(853,'2023-05-26','13:00:00','16:10:00',850,912),(854,'2023-05-26','16:40:00','19:10:00',850,911),(855,'2023-05-26','19:50:00','23:10:00',850,908),(856,'2023-05-26','10:15:00','13:00:00',851,914),(857,'2023-05-26','13:15:00','16:10:00',851,912),(858,'2023-05-26','16:30:00','19:10:00',851,907),(859,'2023-05-26','19:30:00','23:10:00',851,910),(860,'2023-05-26','10:50:00','13:00:00',852,905),(861,'2023-05-26','13:00:00','16:10:00',852,912),(862,'2023-05-26','16:40:00','19:10:00',852,911),(863,'2023-05-26','19:50:00','23:10:00',852,908),(864,'2023-05-26','10:30:00','13:10:00',675,897),(865,'2023-05-26','13:30:00','16:10:00',675,902),(866,'2023-05-26','19:30:00','22:10:00',675,898),(867,'2023-05-26','22:30:00','01:10:00',675,901),(868,'2023-05-26','10:50:00','13:00:00',676,913),(869,'2023-05-26','13:00:00','16:10:00',676,912),(870,'2023-05-26','16:40:00','19:10:00',676,911),(871,'2023-05-26','19:50:00','23:10:00',676,908),(872,'2023-05-26','10:15:00','13:00:00',677,914),(873,'2023-05-26','13:15:00','16:10:00',677,912),(874,'2023-05-26','16:30:00','19:10:00',677,907),(875,'2023-05-26','19:30:00','23:10:00',677,910),(876,'2023-05-26','10:50:00','13:00:00',678,905),(877,'2023-05-26','13:00:00','16:10:00',678,912),(878,'2023-05-26','16:40:00','19:10:00',678,911),(879,'2023-05-26','19:50:00','23:10:00',678,908),(880,'2023-05-26','10:50:00','13:00:00',679,905),(881,'2023-05-26','13:00:00','16:10:00',679,912),(882,'2023-05-26','16:40:00','19:10:00',679,911),(883,'2023-05-26','19:50:00','23:10:00',679,908),(884,'2023-05-26','10:30:00','13:10:00',701,897),(885,'2023-05-26','13:30:00','16:10:00',701,902),(886,'2023-05-26','19:30:00','22:10:00',701,898),(887,'2023-05-26','22:30:00','01:10:00',701,901),(888,'2023-05-26','10:50:00','13:00:00',702,913),(889,'2023-05-26','13:00:00','16:10:00',702,912),(890,'2023-05-26','16:40:00','19:10:00',702,911),(891,'2023-05-26','19:50:00','23:10:00',702,908),(892,'2023-05-26','10:15:00','13:00:00',703,914),(893,'2023-05-26','13:15:00','16:10:00',703,912),(894,'2023-05-26','16:30:00','19:10:00',703,907),(895,'2023-05-26','19:30:00','23:10:00',703,910),(896,'2023-05-26','13:00:00','16:10:00',704,912),(897,'2023-05-26','16:40:00','19:10:00',704,911),(898,'2023-05-26','19:50:00','23:10:00',704,908),(899,'2023-05-26','10:50:00','13:00:00',705,905),(900,'2023-05-26','13:00:00','16:10:00',705,912),(901,'2023-05-26','16:40:00','19:10:00',705,911),(902,'2023-05-26','19:50:00','23:10:00',705,908),(903,'2023-05-26','10:30:00','13:10:00',801,897),(904,'2023-05-26','13:30:00','16:10:00',801,897),(905,'2023-05-26','19:30:00','22:10:00',801,897),(906,'2023-05-26','22:30:00','01:10:00',801,897),(907,'2023-05-26','10:50:00','13:00:00',802,905),(908,'2023-05-26','13:00:00','16:10:00',802,912),(909,'2023-05-26','16:40:00','19:10:00',802,911),(910,'2023-05-26','19:50:00','23:10:00',802,908),(911,'2023-05-26','10:15:00','13:00:00',803,901),(912,'2023-05-26','13:15:00','16:10:00',803,902),(913,'2023-05-26','16:30:00','19:10:00',803,901),(914,'2023-05-26','19:30:00','23:10:00',803,910),(915,'2023-05-26','10:15:00','13:00:00',1190,899),(916,'2023-05-26','13:15:00','16:10:00',1190,904),(917,'2023-05-26','16:30:00','19:10:00',1190,909),(918,'2023-05-26','19:30:00','23:10:00',1190,912);

UNLOCK TABLES;
